target_history_fraction,transfer_lambda,n_test,mae_baseline,mae_target_only,mae_transfer,rmse_baseline,rmse_target_only,rmse_transfer,pinball_loss_transfer,interval_coverage,interval_avg_width
0.1,1.0,276,0.5072463768115942,0.5821820297692526,0.5820657910031127,0.920774721067277,0.7322833853688692,0.7322326663427796,0.15693510957834678,0.7572463768115942,1.4764189713061089
0.1,10.0,276,0.5072463768115942,0.5821820297692526,0.5811102552157994,0.920774721067277,0.7322833853688692,0.7318109411103285,0.15709278816237413,0.7608695652173914,1.4728108405070865
0.1,50.0,276,0.5072463768115942,0.5821820297692526,0.5777588475704631,0.920774721067277,0.7322833853688692,0.7305138650331671,0.15776366942658301,0.7572463768115942,1.456417237939031
0.2,1.0,782,0.5626598465473146,0.5838832012291969,0.5838683579080954,0.9740888588108043,0.7775927755322437,0.7775908620025695,0.17515855101051944,0.7531969309462916,1.3761468651444626
0.2,10.0,782,0.5626598465473146,0.5838832012291969,0.583737064902768,0.9740888588108043,0.7775927755322437,0.777574838772017,0.17519231442522662,0.7531969309462916,1.3760955632005358
0.2,50.0,782,0.5626598465473146,0.5838832012291969,0.5831999202795818,0.9740888588108043,0.7775927755322437,0.7775267639306911,0.17534330718153043,0.7519181585677749,1.3758481713358905
0.3,1.0,1288,0.5760869565217391,0.5567857659297918,0.5567743271055551,0.9914228435225735,0.7612702596605144,0.7612693828460895,0.16854978859515699,0.7872670807453416,1.4089302457854966
0.3,10.0,1288,0.5760869565217391,0.5567857659297918,0.5566723945809497,0.9914228435225735,0.7612702596605144,0.7612617845161676,0.1685502245420061,0.7880434782608695,1.4098306727497316
0.3,50.0,1288,0.5760869565217391,0.5567857659297918,0.5562405283109514,0.9914228435225735,0.7612702596605144,0.761233948823227,0.16856041263417262,0.7872670807453416,1.4125449887170287
